2025-10-09_12-51-15,None,draft.py:2025-10-09_12-51-15
2025-10-09_12-51-16,None,draft.py:2025-10-09_12-51-15
2025-10-09_13-01-22,None,draft.py:2025-10-09_13-01-22
2025-10-09_13-03-21,None,draft.py:2025-10-09_13-03-21
2025-10-09_13-15-08,None,draft.py:2025-10-09_13-15-08
2025-10-09_13-20-50,None,draft.py:2025-10-09_13-20-50
2025-10-16_00-03-52,None,draft.py:2025-10-16_00-03-52
2025-10-16_00-03-53,None,draft.py:2025-10-16_00-03-52
2025-10-16_00-04-14,None,draft.py:2025-10-16_00-03-52
2025-10-21_21-01-21,None,draft.py:2025-10-16_00-03-52
2025-10-21_21-18-42,None,draft.py:2025-10-16_00-03-52
