2025-10-25_20-19-46,None,draft.py:2025-10-25_20-19-46
2025-10-25_20-33-21,None,draft.py:2025-10-25_20-33-21
2025-10-25_20-33-22,None,draft.py:2025-10-25_20-33-21
2025-10-25_20-55-11,None,draft.py:2025-10-25_20-55-11
2025-10-25_21-21-37,None,draft.py:2025-10-25_21-21-37
2025-10-25_22-29-20,None,draft.py:2025-10-25_22-29-20
2025-10-25_22-29-43,None,draft.py:2025-10-25_22-29-43
2025-10-25_22-30-00,None,draft.py:2025-10-25_22-30-00
2025-10-25_22-33-26,None,draft.py:2025-10-25_22-33-26
2025-10-25_22-34-13,None,draft.py:2025-10-25_22-34-13
2025-10-25_22-34-31,None,draft.py:2025-10-25_22-34-31
2025-10-25_22-35-22,None,draft.py:2025-10-25_22-34-31
2025-10-25_22-39-21,None,draft.py:2025-10-25_22-39-21
2025-10-26_00-53-53,None,draft.py:2025-10-26_00-53-53
2025-10-26_00-54-07,None,draft.py:2025-10-26_00-53-53
